epoch,accuracy,loss,val_accuracy,val_loss
0,0.80767745,0.49328842262427014,0.8107639,0.47292812665303546
1,0.80748457,0.484935811387352,0.8107639,0.47011542485819924
