epoch,accuracy,loss,val_accuracy,val_loss
0,0.8059276,0.4986390278689445,0.8107639,0.4910397008061409
1,0.80654764,0.4918783045122548,0.8107639,0.47790095761970236
2,0.80654764,0.48877527759898276,0.8107639,0.4768532874683539
